player,pos,age,playingtime_mp,playingtime_starts,playingtime_min,playingtime_90s,performance_gls,performance_ast,performance_g-pk,performance_pk,performance_pkatt,performance_crdy,performance_crdr,per90minutes_gls,per90minutes_ast,per90minutes_g+a,per90minutes_g-pk,per90minutes_g+a-pk,expected_xg,expected_npxg,expected_xa,expected_npxg+xa,per90minutes_xg,per90minutes_xa,per90minutes_xg+xa,per90minutes_npxg,per90minutes_npxg+xa,matches
Luis Mago,DF,26.0,4,4,360.0,4.0,0.0,0.0,0.0,0.0,0.0,1.0,0.0,0.0,0.0,0.0,0.0,0.0,0.2,0.2,0.1,0.2,0.04,0.01,0.05,0.04,0.05,Matches
Junior Moreno,MF,27.0,4,4,351.0,3.9,0.0,0.0,0.0,0.0,0.0,0.0,0.0,0.0,0.0,0.0,0.0,0.0,0.0,0.0,0.0,0.0,0.0,0.0,0.0,0.0,0.0,Matches
Cristian Cásseres Jr.,"FW,MF",21.0,4,4,310.0,3.4,0.0,0.0,0.0,0.0,0.0,0.0,0.0,0.0,0.0,0.0,0.0,0.0,0.3,0.3,0.2,0.5,0.07,0.06,0.14,0.07,0.14,Matches
Alexander González,DF,28.0,4,3,289.0,3.2,0.0,0.0,0.0,0.0,0.0,0.0,0.0,0.0,0.0,0.0,0.0,0.0,0.0,0.0,0.1,0.1,0.01,0.02,0.02,0.01,0.02,Matches
José Andrés Martínez,"FW,MF",26.0,4,3,288.0,3.2,0.0,1.0,0.0,0.0,0.0,1.0,0.0,0.0,0.31,0.31,0.0,0.31,0.0,0.0,0.7,0.7,0.0,0.21,0.21,0.0,0.21,Matches
Wuilker Faríñez,GK,22.0,3,3,270.0,3.0,0.0,0.0,0.0,0.0,0.0,0.0,0.0,0.0,0.0,0.0,0.0,0.0,0.0,0.0,0.0,0.0,0.0,0.0,0.0,0.0,0.0,Matches
Adrián Martínez,DF,27.0,3,3,270.0,3.0,0.0,0.0,0.0,0.0,0.0,0.0,0.0,0.0,0.0,0.0,0.0,0.0,0.3,0.3,0.0,0.3,0.1,0.0,0.1,0.1,0.1,Matches
Yohan Cumana,DF,24.0,3,3,256.0,2.8,0.0,0.0,0.0,0.0,0.0,1.0,0.0,0.0,0.0,0.0,0.0,0.0,0.0,0.0,0.0,0.0,0.01,0.0,0.01,0.01,0.01,Matches
Fernando Aristeguieta,FW,28.0,3,3,214.0,2.4,0.0,0.0,0.0,0.0,0.0,1.0,0.0,0.0,0.0,0.0,0.0,0.0,0.0,0.0,0.0,0.1,0.02,0.01,0.03,0.02,0.03,Matches
Francisco La Mantía,DF,24.0,2,2,180.0,2.0,0.0,0.0,0.0,0.0,0.0,1.0,0.0,0.0,0.0,0.0,0.0,0.0,0.0,0.0,0.0,0.0,0.0,0.0,0.0,0.0,0.0,Matches
Edson Castillo,MF,26.0,4,2,167.0,1.9,1.0,1.0,1.0,0.0,0.0,0.0,0.0,0.54,0.54,1.08,0.54,1.08,0.4,0.4,0.2,0.6,0.22,0.1,0.32,0.22,0.32,Matches
Bernaldo Manzano,"MF,FW",30.0,3,2,143.0,1.6,0.0,0.0,0.0,0.0,0.0,1.0,0.0,0.0,0.0,0.0,0.0,0.0,0.0,0.0,0.0,0.0,0.0,0.0,0.0,0.0,0.0,Matches
Sergio Córdova,FW,23.0,4,1,133.0,1.5,0.0,0.0,0.0,0.0,0.0,0.0,0.0,0.0,0.0,0.0,0.0,0.0,0.4,0.4,0.0,0.5,0.29,0.03,0.32,0.29,0.32,Matches
Ronald Hernández,DF,23.0,4,1,107.0,1.2,1.0,0.0,1.0,0.0,0.0,1.0,0.0,0.84,0.0,0.84,0.84,0.84,0.2,0.2,0.0,0.3,0.21,0.02,0.22,0.21,0.22,Matches
Nahuel Ferraresi,DF,22.0,1,1,90.0,1.0,0.0,0.0,0.0,0.0,0.0,0.0,0.0,0.0,0.0,0.0,0.0,0.0,0.1,0.1,0.0,0.1,0.08,0.0,0.08,0.08,0.08,Matches
Joel Graterol,GK,23.0,1,1,90.0,1.0,0.0,0.0,0.0,0.0,0.0,0.0,0.0,0.0,0.0,0.0,0.0,0.0,0.0,0.0,0.0,0.0,0.0,0.0,0.0,0.0,0.0,Matches
José Manuel Velázquez,DF,30.0,1,1,90.0,1.0,0.0,0.0,0.0,0.0,0.0,0.0,0.0,0.0,0.0,0.0,0.0,0.0,0.0,0.0,0.0,0.0,0.0,0.0,0.0,0.0,0.0,Matches
Mikel Villanueva,DF,27.0,1,1,90.0,1.0,0.0,0.0,0.0,0.0,0.0,0.0,0.0,0.0,0.0,0.0,0.0,0.0,0.1,0.1,0.0,0.1,0.07,0.0,0.07,0.07,0.07,Matches
Roberto Rosales,DF,32.0,1,1,68.0,0.8,0.0,0.0,0.0,0.0,0.0,0.0,0.0,0.0,0.0,0.0,0.0,0.0,0.0,0.0,0.0,0.0,0.0,0.0,0.0,0.0,0.0,Matches
Jefferson Savarino,FW,24.0,1,1,58.0,0.6,0.0,0.0,0.0,0.0,0.0,0.0,0.0,0.0,0.0,0.0,0.0,0.0,0.1,0.1,0.0,0.1,0.13,0.0,0.13,0.13,0.13,Matches
Yangel Herrera,MF,23.0,1,0,32.0,0.4,0.0,0.0,0.0,0.0,0.0,1.0,0.0,0.0,0.0,0.0,0.0,0.0,0.0,0.0,0.0,0.0,0.0,0.0,0.0,0.0,0.0,Matches
Rómulo Otero,FW,28.0,1,0,32.0,0.4,0.0,0.0,0.0,0.0,0.0,0.0,0.0,0.0,0.0,0.0,0.0,0.0,0.1,0.1,0.1,0.2,0.15,0.29,0.44,0.15,0.44,Matches
Jan Carlos Hurtado,FW,20.0,2,0,27.0,0.3,0.0,0.0,0.0,0.0,0.0,0.0,0.0,0.0,0.0,0.0,0.0,0.0,0.0,0.0,0.0,0.0,0.0,0.0,0.0,0.0,0.0,Matches
Richard Celis,MF,24.0,2,0,23.0,0.3,0.0,0.0,0.0,0.0,0.0,0.0,0.0,0.0,0.0,0.0,0.0,0.0,0.0,0.0,0.0,0.0,0.0,0.0,0.0,0.0,0.0,Matches
Yeferson Soteldo,"FW,MF",23.0,1,0,22.0,0.2,0.0,0.0,0.0,0.0,0.0,0.0,0.0,0.0,0.0,0.0,0.0,0.0,0.1,0.1,0.0,0.1,0.21,0.0,0.21,0.21,0.21,Matches
Jhonder Cádiz,FW,25.0,0,0,,,,,,,,,,,,,,,,,,,,,,,,Matches
Jhon Murillo,"FW,MF",25.0,0,0,,,,,,,,,,,,,,,,,,,,,,,,Matches
Luis Romero,GK,30.0,0,0,,,,,,,,,,,,,,,,,,,,,,,,Matches
Squad Total,,26.0,4,44,360.0,4.0,2.0,2.0,2.0,0.0,0.0,8.0,0.0,0.5,0.5,1.0,0.5,1.0,2.2,2.2,1.4,3.6,0.55,0.34,0.9,0.55,0.9,
Opponent Total,,27.3,4,44,360.0,4.0,6.0,2.0,5.0,1.0,1.0,7.0,1.0,1.5,0.5,2.0,1.25,1.75,11.1,10.4,6.3,16.7,2.78,1.57,4.36,2.59,4.17,
